{
  "object_id": "208",
  "object_label": "tv",
  "preset": "front",
  "camera_position": [
    2.123526,
    -4.791301529178416,
    1.7000000000000002
  ],
  "target_position": [
    2.123526,
    -2.5281046999999996,
    1.2000000000000002
  ],
  "distance": 2.317770456193459,
  "camera_params": {
    "forward": [
      0.0,
      0.9764542572068716,
      -0.21572455489020442
    ],
    "right": [
      1.0,
      -0.0,
      0.0
    ],
    "up": [
      0.0,
      0.21572455489020442,
      0.9764542572068716
    ]
  }
}