{
  "object_id": "315",
  "object_label": "washing_machine",
  "preset": "front",
  "camera_position": [
    1.7998993,
    -6.660571,
    1.180081
  ],
  "target_position": [
    1.7998993,
    -5.160571,
    0.43008100000000005
  ],
  "distance": 1.6770509831248424,
  "camera_params": {
    "forward": [
      0.0,
      0.8944271909999159,
      -0.44721359549995787
    ],
    "right": [
      1.0,
      -0.0,
      0.0
    ],
    "up": [
      0.0,
      0.44721359549995787,
      0.8944271909999159
    ]
  }
}